{"cameraMode":{"drawMode":0,"name":"Shaded","section":"Shading Mode"},"sceneLighting":false,"audioPlay":false,"sceneViewState":{"m_AlwaysRefresh":false,"showFog":true,"showSkybox":false,"showFlares":true,"showImageEffects":true,"showParticleSystems":true,"showVisualEffectGraphs":true,"m_FxEnabled":true},"in2DMode":false,"pivot":{"x":6.617447376251221,"y":1.9463340044021607,"z":6.442124843597412},"rotation":{"x":0.0006965822540223599,"y":-0.9954231381416321,"z":-0.007156585808843374,"w":-0.09556206315755844},"size":0.3425062298774719,"orthographic":false}