{"cameraMode":{"drawMode":0,"name":"Shaded","section":"Shading Mode"},"sceneLighting":true,"audioPlay":false,"sceneViewState":{"m_AlwaysRefresh":false,"showFog":true,"showSkybox":true,"showFlares":true,"showImageEffects":true,"showParticleSystems":true,"showVisualEffectGraphs":true,"m_FxEnabled":true},"in2DMode":false,"pivot":{"x":3.0822842121124269,"y":6.748956203460693,"z":9.056705474853516},"rotation":{"x":-0.00986762996762991,"y":0.987144410610199,"z":-0.1446518898010254,"w":-0.06733037531375885},"size":0.019419101998209955,"orthographic":false}